<?xml version="1.0" encoding="UTF-16"?><Definitions xmlns="http://docs.oasis-open.org/tosca/ns/2011/12" id="service" name="" targetNamespace="http://www.cloudopting.eu" xmlns:co="http://docs.oasis-open.org/tosca/ns/2011/12/CloudOptingTypes" xmlns:xml="http://www.w3.org/XML/1998/namespace" xmlns:xsi="http://www.w3.org/2001/XMLSchema-instance" xsi:schemaLocation="http://docs.oasis-open.org/tosca/ns/2011/12 ../Types/TOSCA-v1.0.xsd http://docs.oasis-open.org/tosca/ns/2011/12/CloudOptingTypes   ../Types/CloudOptingTypes.xsd">
	<ServiceTemplate id="service" name="service">
		
		<TopologyTemplate>
		<NodeTemplate id="host" type="VMHost"><Properties><co:VMhostProperties><co:disk>20</co:disk><co:cpu>2</co:cpu><co:ram>2048</co:ram></co:VMhostProperties></Properties></NodeTemplate><NodeTemplate id="host" type="VMHost"><Properties><co:VMhostProperties><co:disk>20</co:disk><co:cpu>2</co:cpu><co:ram>2048</co:ram></co:VMhostProperties></Properties></NodeTemplate><NodeTemplate id="docker1" type="DockerContainer"><Properties><co:DockerContainerProperties><co:image>cloudopting/centos:6.6</co:image><co:DockerContainerPortsCaps>[{"container":80,"host":80}]</co:DockerContainerPortsCaps></co:DockerContainerProperties></Properties><DeploymentArtifacts><DeploymentArtifact artifactRef="DockerContainerDT" artifactType="DockerfileTemplate"/><DeploymentArtifact artifactRef="DockerContainerPT" artifactType="PuppetTemplate"/></DeploymentArtifacts></NodeTemplate><NodeTemplate id="web" type="Apache"><Properties><co:ApacheProperties><co:default_mods>false</co:default_mods><co:servername>fqdn</co:servername><co:default_vhost>false</co:default_vhost></co:ApacheProperties></Properties><DeploymentArtifacts><DeploymentArtifact artifactRef="ApachePT" artifactType="PuppetTemplate"/></DeploymentArtifacts></NodeTemplate><RelationshipTemplate id="e0" type="hostedOn"><SourceElement ref="host"/><TargetElement ref="docker1"/></RelationshipTemplate><RelationshipTemplate id="e1" type="hostedOn"><SourceElement ref="docker1"/><TargetElement ref="web"/></RelationshipTemplate></TopologyTemplate>
	</ServiceTemplate>
</Definitions>