<?xml version="1.0" encoding="UTF-16"?><Definitions xmlns="http://docs.oasis-open.org/tosca/ns/2011/12" id="testservice" name="" targetNamespace="http://www.cloudopting.eu" xmlns:co="http://docs.oasis-open.org/tosca/ns/2011/12/CloudOptingTypes" xmlns:xml="http://www.w3.org/XML/1998/namespace" xmlns:xsi="http://www.w3.org/2001/XMLSchema-instance" xsi:schemaLocation="http://docs.oasis-open.org/tosca/ns/2011/12 ../Types/TOSCA-v1.0.xsd http://docs.oasis-open.org/tosca/ns/2011/12/CloudOptingTypes   ../Types/CloudOptingTypes.xsd">
	<ServiceTemplate id="testservice" name="testservice">

		<TopologyTemplate>
		<NodeTemplate id="testHost" type="VMHost"><Properties><co:VMhostProperties><co:disk>10</co:disk><co:cpu>2</co:cpu><co:ram>2048</co:ram></co:VMhostProperties></Properties></NodeTemplate><NodeTemplate id="webCont" type="DockerContainer"><Properties><co:DockerContainerProperties><co:image>cloudopting/centos:6.6</co:image><co:DockerContainerPortsCaps>[{"container":80,"host":80}]</co:DockerContainerPortsCaps></co:DockerContainerProperties></Properties><DeploymentArtifacts><DeploymentArtifact artifactRef="DockerContainerDT" artifactType="DockerfileTemplate"/><DeploymentArtifact artifactRef="DockerContainerPT" artifactType="PuppetTemplate"/></DeploymentArtifacts></NodeTemplate><NodeTemplate id="dbCont" type="DockerContainer"><Properties><co:DockerContainerProperties><co:image>cloudopting/centos:6.6</co:image><co:DockerContainerPortsCaps>[{"container":3066,"host":3066}]</co:DockerContainerPortsCaps></co:DockerContainerProperties></Properties><DeploymentArtifacts><DeploymentArtifact artifactRef="DockerContainerDT" artifactType="DockerfileTemplate"/><DeploymentArtifact artifactRef="DockerContainerPT" artifactType="PuppetTemplate"/></DeploymentArtifacts></NodeTemplate><NodeTemplate id="web" type="Apache"><Properties><co:ApacheProperties><co:portsExpose>[{"port":80}]</co:portsExpose><co:default_mods>true</co:default_mods><co:servername>fqdn</co:servername><co:default_vhost>false</co:default_vhost></co:ApacheProperties></Properties><DeploymentArtifacts><DeploymentArtifact artifactRef="ApachePT" artifactType="PuppetTemplate"/></DeploymentArtifacts></NodeTemplate><NodeTemplate id="phpMod" type="ApacheModule"><Properties><co:ApacheModuleProperties><co:module>php</co:module></co:ApacheModuleProperties></Properties><DeploymentArtifacts><DeploymentArtifact artifactRef="ApacheModulePT" artifactType="PuppetTemplate"/></DeploymentArtifacts></NodeTemplate><NodeTemplate id="site" type="ApacheVirtualHost"><Properties><co:ApacheVirtualHostProperties><co:port>80</co:port><co:servername>www.miosito.com</co:servername><co:vhost_name>*</co:vhost_name><co:default_vhost>false</co:default_vhost><co:ssl>false</co:ssl></co:ApacheVirtualHostProperties></Properties><DeploymentArtifacts><DeploymentArtifact artifactRef="ApacheVirtualHostPT" artifactType="PuppetTemplate"/></DeploymentArtifacts></NodeTemplate><NodeTemplate id="db" type="MySQL"><Properties><co:MySQLProperties><co:remove_defaul_account>true</co:remove_defaul_account><co:portsExpose>[{"port":3066}]</co:portsExpose><co:root_password>dbroot</co:root_password></co:MySQLProperties></Properties><DeploymentArtifacts><DeploymentArtifact artifactRef="MySQLPT" artifactType="PuppetTemplate"/></DeploymentArtifacts></NodeTemplate><NodeTemplate id="dbdata" type="MySQLDatabase"><Properties><co:MySQLDatabaseProperties><co:password>mypass</co:password><co:dbname>dbnamemy</co:dbname><co:user>mydbuser</co:user></co:MySQLDatabaseProperties></Properties><DeploymentArtifacts><DeploymentArtifact artifactRef="MySQLDatabasePT" artifactType="PuppetTemplate"/></DeploymentArtifacts></NodeTemplate><RelationshipTemplate id="e0" type="hostedOn"><SourceElement ref="testHost"/><TargetElement ref="webCont"/></RelationshipTemplate><RelationshipTemplate id="e1" type="hostedOn"><SourceElement ref="testHost"/><TargetElement ref="dbCont"/></RelationshipTemplate><RelationshipTemplate id="e2" type="hostedOn"><SourceElement ref="webCont"/><TargetElement ref="web"/></RelationshipTemplate><RelationshipTemplate id="e3" type="hostedOn"><SourceElement ref="web"/><TargetElement ref="phpMod"/></RelationshipTemplate><RelationshipTemplate id="e4" type="hostedOn"><SourceElement ref="web"/><TargetElement ref="site"/></RelationshipTemplate><RelationshipTemplate id="e5" type="hostedOn"><SourceElement ref="dbCont"/><TargetElement ref="db"/></RelationshipTemplate><RelationshipTemplate id="e6" type="hostedOn"><SourceElement ref="db"/><TargetElement ref="dbdata"/></RelationshipTemplate><RelationshipTemplate id="e7" type="containerLink"><SourceElement ref="webCont"/><TargetElement ref="dbCont"/></RelationshipTemplate></TopologyTemplate>
		<ArtifactType name="PuppetTemplate">
		</ArtifactType>
		<ArtifactType name="DockerfileTemplate">
		</ArtifactType>
		<ArtifactType name="PuppetModule">
			<PropertiesDefinition element="PuppetModuleProperties"/>
		</ArtifactType>
	</ServiceTemplate>
<NodeType color="#992222" name="VMHost" shape="rectangle" xmlns="">
	<DerivedFrom typeRef="xs:QName"/>
	<PropertiesDefinition element="VMhostProperties" type="tVMhostProperties"/>
	<RequirementDefinitions>
		<RequirementDefinition lowerBound="xs:integer" name="xs:string" requirementType="xs:QName" upperBound="xs:integer | xs:string">
			<Constraints>
				<Constraint constraintType="xs:anyURI">
					constraint type specific
					content
				</Constraint>
			</Constraints>
		</RequirementDefinition>
	</RequirementDefinitions>
	<Interfaces>
		<Interface name="ProjectInterface">
			<Operation name="CreateProject">
				<InputParameters>
					<InputParameter name="ProjectName" type="xs:string"/>
					<InputParameter name="Owner" type="xs:string"/>
					<InputParameter name="AccountID" type="xs:string"/>
				</InputParameters>
			</Operation>
		</Interface>
	</Interfaces>
</NodeType><NodeType color="#118844" name="DockerContainer" shape="pentagon" xmlns="">
	<DerivedFrom typeRef="root"/>
	<PropertiesDefinition element="DockerContainerProperties" type="tDockerContainerProperties"/>
	<CapabilityDefinitions>
		<CapabilityDefinition capabilityType="DockerContainerPortsCaps"/>
	</CapabilityDefinitions>
</NodeType><NodeTypeImplementation name="DockerContainerImpl" nodeType="DockerContainer" xmlns="">
	<DeploymentArtifacts>
		<DeploymentArtifact artifactRef="DockerContainerDT" artifactType="DockerfileTemplate" name="ClearoApacheDC.dockerfile">
		</DeploymentArtifact>
		<DeploymentArtifact artifactRef="DockerContainerPT" artifactType="PuppetTemplate" name="sd">
		</DeploymentArtifact>
	</DeploymentArtifacts>
</NodeTypeImplementation><ArtifactTemplate id="DockerContainerDT" name="" type="DockerfileTemplate" xmlns="">
	<ArtifactReferences>
		<ArtifactReference reference="Templates/DockerContainerDT.ftl"/>
	</ArtifactReferences>
</ArtifactTemplate><ArtifactTemplate id="DockerContainerPT" name="" type="PuppetTemplate" xmlns="">
	<ArtifactReferences>
		<ArtifactReference reference="Templates/DockerContainerPT.ftl"/>
	</ArtifactReferences>
</ArtifactTemplate><NodeType color="#332255" name="Apache" shape="ellipse" xmlns="">
	<DerivedFrom typeRef="root"/>
	<PropertiesDefinition element="ApacheProperties" type="tApacheProperties"/>
	<CapabilityDefinitions>
		<CapabilityDefinition capabilityType="portsExpose"/>
	</CapabilityDefinitions>
</NodeType><NodeTypeImplementation name="ApacheImpl" nodeType="Apache" xmlns="">
	<DeploymentArtifacts>
		<DeploymentArtifact artifactRef="ApachePT" artifactType="PuppetTemplate" name="ApachePT.ftl">
		</DeploymentArtifact>
	</DeploymentArtifacts>
</NodeTypeImplementation><ArtifactTemplate id="ApachePT" type="PuppetTemplate" xmlns="">
	<ArtifactReferences>
		<ArtifactReference reference="Templates/ApachePT.ftl"/>
	</ArtifactReferences>
</ArtifactTemplate><ArtifactTemplate id="ApachePM" type="PuppetModule" xmlns="">
	<Properties xmlns:co="http://docs.oasis-open.org/tosca/ns/2011/12/CloudOptingTypes">
		<co:PuppetModuleProperties>
			<co:module>apache</co:module>
			<co:git>https://github.com/puppetlabs/puppetlabs-apache</co:git>
		</co:PuppetModuleProperties>
	</Properties>
</ArtifactTemplate><NodeType color="#332299" name="ApacheVirtualHost" shape="ellipse" xmlns="">
	<DerivedFrom typeRef="root"/>
	<PropertiesDefinition element="ApacheVirtualHostProperties" type="tApacheVirtualHostProperties"/>
</NodeType><NodeTypeImplementation name="ApacheVirtualHostImpl" nodeType="ApacheVirtualHost" xmlns="">
	<DeploymentArtifacts>
		<DeploymentArtifact artifactRef="ApacheVirtualHostPT" artifactType="PuppetTemplate" name="ApacheVirtualHostPT.ftl">
		</DeploymentArtifact>
	</DeploymentArtifacts>
</NodeTypeImplementation><ArtifactTemplate id="ApacheVirtualHostPT" type="PuppetTemplate" xmlns="">
	<ArtifactReferences>
		<ArtifactReference reference="Templates/ApacheVirtualHostPT.ftl"/>
	</ArtifactReferences>
</ArtifactTemplate><NodeType color="#332299" name="ApacheModule" shape="ellipse" xmlns="">
	<DerivedFrom typeRef="root"/>
	<PropertiesDefinition element="ApacheModuleProperties" type="tApacheModuleProperties"/>
</NodeType><NodeTypeImplementation name="ApacheModuleImpl" nodeType="ApacheModule" xmlns="">
	<DeploymentArtifacts>
		<DeploymentArtifact artifactRef="ApacheModulePT" artifactType="PuppetTemplate" name="ApacheModulePT.ftl">
		</DeploymentArtifact>
	</DeploymentArtifacts>
</NodeTypeImplementation><ArtifactTemplate id="ApacheModulePT" type="PuppetTemplate" xmlns="">
	<ArtifactReferences>
		<ArtifactReference reference="Templates/ApacheModulePT.ftl"/>
	</ArtifactReferences>
</ArtifactTemplate><NodeType color="#332299" name="Wordpress" shape="pentagon" xmlns="">
	<DerivedFrom typeRef="root"/>
	<PropertiesDefinition element="WordpressProperties" type="tWordpressProperties"/>
</NodeType><NodeTypeImplementation name="WordpressImpl" nodeType="Wordpress" xmlns="">
	<DeploymentArtifacts>
		<DeploymentArtifact artifactRef="WordpressPT" artifactType="PuppetTemplate" name="WordpressPT.ftl">
		</DeploymentArtifact>
	</DeploymentArtifacts>
</NodeTypeImplementation><ArtifactTemplate id="WordpressPT" type="PuppetTemplate" xmlns="">
	<ArtifactReferences>
		<ArtifactReference reference="Templates/WordpressPT.ftl"/>
	</ArtifactReferences>
</ArtifactTemplate><NodeType color="#332299" name="PostgreSQL" shape="ellipse" xmlns="">
	<DerivedFrom typeRef="root"/>
	<PropertiesDefinition element="PostgreSQLProperties" type="tPostgreSQLProperties"/>
	<CapabilityDefinitions>
		<CapabilityDefinition capabilityType="portsExpose"/>
	</CapabilityDefinitions>
</NodeType><NodeTypeImplementation name="PostgreSQLImpl" nodeType="PostgreSQL" xmlns="">
	<DeploymentArtifacts>
		<DeploymentArtifact artifactRef="PostgreSQLPT" artifactType="PuppetTemplate" name="PostgreSQLPT.ftl">
		</DeploymentArtifact>
	</DeploymentArtifacts>
</NodeTypeImplementation><ArtifactTemplate id="PostgreSQLPT" type="PuppetTemplate" xmlns="">
	<ArtifactReferences>
		<ArtifactReference reference="Templates/PostgreSQLPT.ftl"/>
	</ArtifactReferences>
</ArtifactTemplate><NodeType color="#332299" name="PostgreSQLDatabase" shape="ellipse" xmlns="">
	<DerivedFrom typeRef="root"/>
	<PropertiesDefinition element="PostgreSQLDatabaseProperties" type="tPostgreSQLDatabaseProperties"/>
</NodeType><NodeTypeImplementation name="PostgreSQLDatabaseImpl" nodeType="PostgreSQLDatabase" xmlns="">
	<DeploymentArtifacts>
		<DeploymentArtifact artifactRef="PostgreSQLDatabasePT" artifactType="PuppetTemplate" name="PostgreSQLDatabasePT.ftl">
		</DeploymentArtifact>
	</DeploymentArtifacts>
</NodeTypeImplementation><ArtifactTemplate id="PostgreSQLDatabasePT" type="PuppetTemplate" xmlns="">
	<ArtifactReferences>
		<ArtifactReference reference="Templates/PostgreSQLDatabasePT.ftl"/>
	</ArtifactReferences>
</ArtifactTemplate><NodeType color="#332299" name="MySQL" shape="ellipse" xmlns="">
	<DerivedFrom typeRef="root"/>
	<PropertiesDefinition element="MySQLProperties" type="tMySQLProperties"/>
	<CapabilityDefinitions>
		<CapabilityDefinition capabilityType="portsExpose"/>
	</CapabilityDefinitions>
</NodeType><NodeTypeImplementation name="MySQLImpl" nodeType="MySQL" xmlns="">
	<DeploymentArtifacts>
		<DeploymentArtifact artifactRef="MySQLPT" artifactType="PuppetTemplate" name="MySQLPT.ftl">
		</DeploymentArtifact>
	</DeploymentArtifacts>
</NodeTypeImplementation><ArtifactTemplate id="MySQLPT" type="PuppetTemplate" xmlns="">
	<ArtifactReferences>
		<ArtifactReference reference="Templates/MySQLPT.ftl"/>
	</ArtifactReferences>
</ArtifactTemplate><NodeType color="#332299" name="MySQLDatabase" shape="ellipse" xmlns="">
	<DerivedFrom typeRef="root"/>
	<PropertiesDefinition element="MySQLDatabaseProperties" type="tMySQLDatabaseProperties"/>
</NodeType><NodeTypeImplementation name="MySQLDatabaseImpl" nodeType="MySQLDatabase" xmlns="">
	<DeploymentArtifacts>
		<DeploymentArtifact artifactRef="MySQLDatabasePT" artifactType="PuppetTemplate" name="MySQLDatabasePT.ftl">
		</DeploymentArtifact>
	</DeploymentArtifacts>
</NodeTypeImplementation><ArtifactTemplate id="MySQLDatabasePT" type="PuppetTemplate" xmlns="">
	<ArtifactReferences>
		<ArtifactReference reference="Templates/MySQLDatabasePT.ftl"/>
	</ArtifactReferences>
</ArtifactTemplate></Definitions>