<?xml version="1.0" encoding="UTF-16"?><Definitions xmlns="http://docs.oasis-open.org/tosca/ns/2011/12" id="Clearo" name="" targetNamespace="http://www.cloudopting.eu" xmlns:co="http://docs.oasis-open.org/tosca/ns/2011/12/CloudOptingTypes" xmlns:xml="http://www.w3.org/XML/1998/namespace" xmlns:xsi="http://www.w3.org/2001/XMLSchema-instance" xsi:schemaLocation="http://docs.oasis-open.org/tosca/ns/2011/12 ../Types/TOSCA-v1.0.xsd http://docs.oasis-open.org/tosca/ns/2011/12/CloudOptingTypes   ../Types/CloudOptingTypes.xsd">
	<ServiceTemplate id="Clearo" name="Clearo">

		<TopologyTemplate>
		<NodeTemplate id="ClearoVM" type="VMHost"><Properties><co:VMhostProperties><co:disk>20</co:disk><co:cpu>4</co:cpu><co:ram>4096</co:ram></co:VMhostProperties></Properties></NodeTemplate><NodeTemplate id="ClearoApacheDC" type="DockerContainer"><Properties><co:DockerContainerProperties><co:image>cloudopting/centos:6.6</co:image><co:DockerContainerPortsCaps>[{"container":80,"host":80}]</co:DockerContainerPortsCaps><co:entrypoint>[ "/usr/sbin/httpd" ]</co:entrypoint><co:cmd>[ "-D", "FOREGROUND" ]</co:cmd></co:DockerContainerProperties></Properties><DeploymentArtifacts><DeploymentArtifact artifactRef="DockerContainerDT" artifactType="DockerfileTemplate"/><DeploymentArtifact artifactRef="DockerContainerPT" artifactType="PuppetTemplate"/></DeploymentArtifacts></NodeTemplate><NodeTemplate id="ClearoPostgreSQLDC" type="DockerContainer"><Properties><co:DockerContainerProperties><co:image>cloudopting/centos:6.6</co:image><co:DockerContainerPortsCaps>[{}]</co:DockerContainerPortsCaps><co:cmd>/etc/init.d/postgresql-9.3 start &amp;amp;&amp;amp; tail -F /var/lib/pgsql/9.3/pgstartup.log</co:cmd></co:DockerContainerProperties></Properties><DeploymentArtifacts><DeploymentArtifact artifactRef="DockerContainerDT" artifactType="DockerfileTemplate"/><DeploymentArtifact artifactRef="DockerContainerPT" artifactType="PuppetTemplate"/></DeploymentArtifacts></NodeTemplate><NodeTemplate id="ClearoTomcatDC" type="DockerContainer"><Properties><co:DockerContainerProperties><co:image>cloudopting/centos:6.6</co:image><co:DockerContainerPortsCaps>[{}]</co:DockerContainerPortsCaps><co:cmd>/opt/liferay/tomcat7/bin/startup.sh &amp;amp;&amp;amp; tail -F /opt/liferay/tomcat7/logs/catalina.out</co:cmd></co:DockerContainerProperties></Properties><DeploymentArtifacts><DeploymentArtifact artifactRef="DockerContainerDT" artifactType="DockerfileTemplate"/><DeploymentArtifact artifactRef="DockerContainerPT" artifactType="PuppetTemplate"/></DeploymentArtifacts></NodeTemplate><NodeTemplate id="ClearoApache" type="Apache"><Properties><co:ApacheProperties><co:portsExpose>[{"port":80}]</co:portsExpose><co:default_mods>true</co:default_mods><co:servername>fqdn</co:servername><co:default_vhost>false</co:default_vhost></co:ApacheProperties></Properties><DeploymentArtifacts><DeploymentArtifact artifactRef="ApachePT" artifactType="PuppetTemplate"/></DeploymentArtifacts></NodeTemplate><NodeTemplate id="ClearoApacheVH" type="ApacheVirtualHost"><Properties><co:ApacheVirtualHostProperties><co:port>80</co:port><co:servername><?userInput {"servername":{"xpath":"//NodeTemplate[@id='ClearoApacheVH']/Properties/co:ApacheVirtualHostProperties/co:servername","form":{"title":"Server name","type":"string"}}}?></co:servername><co:vhost_name>*</co:vhost_name><co:docroot>/var/www/www.clearo.com</co:docroot><co:default_vhost>false</co:default_vhost><co:ssl>false</co:ssl></co:ApacheVirtualHostProperties></Properties><DeploymentArtifacts><DeploymentArtifact artifactRef="ApacheVirtualHostPT" artifactType="PuppetTemplate"/></DeploymentArtifacts></NodeTemplate><NodeTemplate id="ClearoApacheMod1" type="ApacheModule"><Properties><co:ApacheModuleProperties><co:module>proxy_ajp</co:module></co:ApacheModuleProperties></Properties><DeploymentArtifacts><DeploymentArtifact artifactRef="ApacheModulePT" artifactType="PuppetTemplate"/></DeploymentArtifacts></NodeTemplate><NodeTemplate id="ClearoPostgreSQL" type="PostgreSQL"><Properties><co:PostgreSQLProperties><co:portsExpose>[{"port":5432}]</co:portsExpose><co:ip_mask_allow_all_users>0.0.0.0/0</co:ip_mask_allow_all_users><co:postgres_password><?userInput {"postgres_password":{"xpath":"//NodeTemplate[@id='ClearoPostgreSQL']/Properties/co:PostgreSQLProperties/co:postgres_password","form":{"title":"Root DB password","type":"string"}}}?></co:postgres_password><co:version>9.3</co:version><co:listen_addresses>*</co:listen_addresses></co:PostgreSQLProperties></Properties><DeploymentArtifacts><DeploymentArtifact artifactRef="PostgreSQLPT" artifactType="PuppetTemplate"/></DeploymentArtifacts></NodeTemplate><NodeTemplate id="ClearoPostgreSQLDB" type="PostgreSQLDatabase"><Properties><co:PostgreSQLDatabaseProperties><co:password><?userInput {"password":{"xpath":"//NodeTemplate[@id='ClearoPostgreSQLDB']/Properties/co:PostgreSQLDatabaseProperties/co:password","form":{"title":"DB password","type":"string"}}}?></co:password><co:dbname>clearodb</co:dbname><co:user>clearoadmin</co:user></co:PostgreSQLDatabaseProperties></Properties><DeploymentArtifacts><DeploymentArtifact artifactRef="PostgreSQLDatabasePT" artifactType="PuppetTemplate"/></DeploymentArtifacts></NodeTemplate><NodeTemplate id="ClearoTomcat" type="Tomcat"><Properties><co:TomcatProperties><co:catalina_base>/opt/liferay/tomcat7</co:catalina_base><co:portsExpose>[{"port":8009},{"port":8080}]</co:portsExpose><co:tomcat>tomcat7</co:tomcat><co:catalina_home>/opt/liferay</co:catalina_home><co:install_from_source>true</co:install_from_source><co:source_url>http://mirrors.muzzy.it/apache/tomcat/tomcat-7/v7.0.59/bin/apache-tomcat-7.0.59.tar.gz</co:source_url></co:TomcatProperties></Properties><DeploymentArtifacts><DeploymentArtifact artifactRef="TomcatPT" artifactType="PuppetTemplate"/></DeploymentArtifacts></NodeTemplate><RelationshipTemplate id="e0" type="hostedOn"><SourceElement ref="ClearoVM"/><TargetElement ref="ClearoApacheDC"/></RelationshipTemplate><RelationshipTemplate id="e1" type="hostedOn"><SourceElement ref="ClearoVM"/><TargetElement ref="ClearoPostgreSQLDC"/></RelationshipTemplate><RelationshipTemplate id="e2" type="hostedOn"><SourceElement ref="ClearoVM"/><TargetElement ref="ClearoTomcatDC"/></RelationshipTemplate><RelationshipTemplate id="e3" type="hostedOn"><SourceElement ref="ClearoApacheDC"/><TargetElement ref="ClearoApache"/></RelationshipTemplate><RelationshipTemplate id="e4" type="hostedOn"><SourceElement ref="ClearoApache"/><TargetElement ref="ClearoApacheVH"/></RelationshipTemplate><RelationshipTemplate id="e5" type="hostedOn"><SourceElement ref="ClearoApache"/><TargetElement ref="ClearoApacheMod1"/></RelationshipTemplate><RelationshipTemplate id="e6" type="hostedOn"><SourceElement ref="ClearoPostgreSQLDC"/><TargetElement ref="ClearoPostgreSQL"/></RelationshipTemplate><RelationshipTemplate id="e7" type="hostedOn"><SourceElement ref="ClearoPostgreSQL"/><TargetElement ref="ClearoPostgreSQLDB"/></RelationshipTemplate><RelationshipTemplate id="e8" type="hostedOn"><SourceElement ref="ClearoTomcatDC"/><TargetElement ref="ClearoTomcat"/></RelationshipTemplate><RelationshipTemplate id="e9" type="containerLink"><SourceElement ref="ClearoApacheDC"/><TargetElement ref="ClearoTomcatDC"/></RelationshipTemplate><RelationshipTemplate id="e10" type="containerLink"><SourceElement ref="ClearoTomcatDC"/><TargetElement ref="ClearoPostgreSQLDC"/></RelationshipTemplate></TopologyTemplate>
		<ArtifactType name="PuppetTemplate">
		</ArtifactType>
		<ArtifactType name="DockerfileTemplate">
		</ArtifactType>
		<ArtifactType name="PuppetModule">
			<PropertiesDefinition element="PuppetModuleProperties"/>
		</ArtifactType>
	</ServiceTemplate>
<NodeType color="#992222" name="VMHost" shape="rectangle" xmlns="">
	<DerivedFrom typeRef="xs:QName"/>
	<PropertiesDefinition element="VMhostProperties" type="tVMhostProperties"/>
	<RequirementDefinitions>
		<RequirementDefinition lowerBound="xs:integer" name="xs:string" requirementType="xs:QName" upperBound="xs:integer | xs:string">
			<Constraints>
				<Constraint constraintType="xs:anyURI">
					constraint type specific
					content
				</Constraint>
			</Constraints>
		</RequirementDefinition>
	</RequirementDefinitions>
	<Interfaces>
		<Interface name="ProjectInterface">
			<Operation name="CreateProject">
				<InputParameters>
					<InputParameter name="ProjectName" type="xs:string"/>
					<InputParameter name="Owner" type="xs:string"/>
					<InputParameter name="AccountID" type="xs:string"/>
				</InputParameters>
			</Operation>
		</Interface>
	</Interfaces>
</NodeType><NodeType color="#118844" name="DockerContainer" shape="pentagon" xmlns="">
	<DerivedFrom typeRef="root"/>
	<PropertiesDefinition element="DockerContainerProperties" type="tDockerContainerProperties"/>
	<Interfaces>
		<Interface name="Install">
			<Operation name="writePuppetDockerTemplateHierarchy"/>
		</Interface>
	</Interfaces>
	<CapabilityDefinitions>
		<CapabilityDefinition capabilityType="DockerContainerPortsCaps"/>
	</CapabilityDefinitions>
</NodeType><NodeTypeImplementation name="DockerContainerImpl" nodeType="DockerContainer" xmlns="">
	<DeploymentArtifacts>
		<DeploymentArtifact artifactRef="DockerContainerDT" artifactType="DockerfileTemplate" name="ClearoApacheDC.dockerfile">
		</DeploymentArtifact>
		<DeploymentArtifact artifactRef="DockerContainerPT" artifactType="PuppetTemplate" name="sd">
		</DeploymentArtifact>
	</DeploymentArtifacts>
</NodeTypeImplementation><ArtifactTemplate id="DockerContainerDT" name="" type="DockerfileTemplate" xmlns="">
	<ArtifactReferences>
		<ArtifactReference reference="Templates/DockerContainerDT.ftl"/>
	</ArtifactReferences>
</ArtifactTemplate><ArtifactTemplate id="DockerContainerPT" name="" type="PuppetTemplate" xmlns="">
	<ArtifactReferences>
		<ArtifactReference reference="Templates/DockerContainerPT.ftl"/>
	</ArtifactReferences>
</ArtifactTemplate><NodeType color="#332255" name="Apache" shape="ellipse" xmlns="">
	<DerivedFrom typeRef="root"/>
	<PropertiesDefinition element="ApacheProperties" type="tApacheProperties"/>
	<Interfaces>
		<Interface name="Install">
			<Operation name="compilePuppetTemplateHierarchy"/>
		</Interface>
	</Interfaces>
	<CapabilityDefinitions>
		<CapabilityDefinition capabilityType="portsExpose"/>
	</CapabilityDefinitions>
</NodeType><NodeTypeImplementation name="ApacheImpl" nodeType="Apache" xmlns="">
	<DeploymentArtifacts>
		<DeploymentArtifact artifactRef="ApachePT" artifactType="PuppetTemplate" name="ApachePT.ftl">
		</DeploymentArtifact>
	</DeploymentArtifacts>
</NodeTypeImplementation><ArtifactTemplate id="ApachePT" type="PuppetTemplate" xmlns="">
	<ArtifactReferences>
		<ArtifactReference reference="Templates/ApachePT.ftl"/>
	</ArtifactReferences>
</ArtifactTemplate><ArtifactTemplate id="ApachePM" type="PuppetModule" xmlns="">
	<Properties xmlns:co="http://docs.oasis-open.org/tosca/ns/2011/12/CloudOptingTypes">
		<co:PuppetModuleProperties>
			<co:module>apache</co:module>
			<co:git>https://github.com/puppetlabs/puppetlabs-apache</co:git>
		</co:PuppetModuleProperties>
	</Properties>
</ArtifactTemplate><NodeType color="#332299" name="ApacheVirtualHost" shape="ellipse" xmlns="">
	<DerivedFrom typeRef="root"/>
	<PropertiesDefinition element="ApacheVirtualHostProperties" type="tApacheVirtualHostProperties"/>
	<Interfaces>
		<Interface name="Install">
			<Operation name="compilePuppetTemplateHierarchy"/>
		</Interface>
	</Interfaces>
</NodeType><NodeTypeImplementation name="ApacheVirtualHostImpl" nodeType="ApacheVirtualHost" xmlns="">
	<DeploymentArtifacts>
		<DeploymentArtifact artifactRef="ApacheVirtualHostPT" artifactType="PuppetTemplate" name="ApacheVirtualHostPT.ftl">
		</DeploymentArtifact>
	</DeploymentArtifacts>
</NodeTypeImplementation><ArtifactTemplate id="ApacheVirtualHostPT" type="PuppetTemplate" xmlns="">
	<ArtifactReferences>
		<ArtifactReference reference="Templates/ApacheVirtualHostPT.ftl"/>
	</ArtifactReferences>
</ArtifactTemplate><NodeType color="#332299" name="ApacheModule" shape="ellipse" xmlns="">
	<DerivedFrom typeRef="root"/>
	<PropertiesDefinition element="ApacheModuleProperties" type="tApacheModuleProperties"/>
	<Interfaces>
		<Interface name="Install">
			<Operation name="compilePuppetTemplateHierarchy"/>
		</Interface>
	</Interfaces>
</NodeType><NodeTypeImplementation name="ApacheModuleImpl" nodeType="ApacheModule" xmlns="">
	<DeploymentArtifacts>
		<DeploymentArtifact artifactRef="ApacheModulePT" artifactType="PuppetTemplate" name="ApacheModulePT.ftl">
		</DeploymentArtifact>
	</DeploymentArtifacts>
</NodeTypeImplementation><ArtifactTemplate id="ApacheModulePT" type="PuppetTemplate" xmlns="">
	<ArtifactReferences>
		<ArtifactReference reference="Templates/ApacheModulePT.ftl"/>
	</ArtifactReferences>
</ArtifactTemplate><NodeType color="#332299" name="Wordpress" shape="pentagon" xmlns="">
	<DerivedFrom typeRef="root"/>
	<PropertiesDefinition element="WordpressProperties" type="tWordpressProperties"/>
	<Interfaces>
		<Interface name="Install">
			<Operation name="compilePuppetTemplateHierarchy"/>
		</Interface>
	</Interfaces>
</NodeType><NodeTypeImplementation name="WordpressImpl" nodeType="Wordpress" xmlns="">
	<DeploymentArtifacts>
		<DeploymentArtifact artifactRef="WordpressPT" artifactType="PuppetTemplate" name="WordpressPT.ftl">
		</DeploymentArtifact>
	</DeploymentArtifacts>
</NodeTypeImplementation><ArtifactTemplate id="WordpressPT" type="PuppetTemplate" xmlns="">
	<ArtifactReferences>
		<ArtifactReference reference="Templates/WordpressPT.ftl"/>
	</ArtifactReferences>
</ArtifactTemplate><NodeType color="#332299" name="PostgreSQL" shape="ellipse" xmlns="">
	<DerivedFrom typeRef="root"/>
	<PropertiesDefinition element="PostgreSQLProperties" type="tPostgreSQLProperties"/>
	<Interfaces>
		<Interface name="Install">
			<Operation name="compilePuppetTemplateHierarchy"/>
		</Interface>
	</Interfaces>
	<CapabilityDefinitions>
		<CapabilityDefinition capabilityType="portsExpose"/>
	</CapabilityDefinitions>
</NodeType><NodeTypeImplementation name="PostgreSQLImpl" nodeType="PostgreSQL" xmlns="">
	<DeploymentArtifacts>
		<DeploymentArtifact artifactRef="PostgreSQLPT" artifactType="PuppetTemplate" name="PostgreSQLPT.ftl">
		</DeploymentArtifact>
	</DeploymentArtifacts>
</NodeTypeImplementation><ArtifactTemplate id="PostgreSQLPT" type="PuppetTemplate" xmlns="">
	<ArtifactReferences>
		<ArtifactReference reference="Templates/PostgreSQLPT.ftl"/>
	</ArtifactReferences>
</ArtifactTemplate><ArtifactTemplate id="PostgreSQLPM" type="PuppetModule" xmlns="">
	<Properties xmlns:co="http://docs.oasis-open.org/tosca/ns/2011/12/CloudOptingTypes">
		<co:PuppetModuleProperties>
			<co:module>postgresql</co:module>
			<co:git>https://github.com/puppetlabs/puppetlabs-postgresql</co:git>
		</co:PuppetModuleProperties>
	</Properties>
</ArtifactTemplate><NodeType color="#332299" name="PostgreSQLDatabase" shape="ellipse" xmlns="">
	<DerivedFrom typeRef="root"/>
	<PropertiesDefinition element="PostgreSQLDatabaseProperties" type="tPostgreSQLDatabaseProperties"/>
	<Interfaces>
		<Interface name="Install">
			<Operation name="compilePuppetTemplateHierarchy"/>
		</Interface>
	</Interfaces>
</NodeType><NodeTypeImplementation name="PostgreSQLDatabaseImpl" nodeType="PostgreSQLDatabase" xmlns="">
	<DeploymentArtifacts>
		<DeploymentArtifact artifactRef="PostgreSQLDatabasePT" artifactType="PuppetTemplate" name="PostgreSQLDatabasePT.ftl">
		</DeploymentArtifact>
	</DeploymentArtifacts>
</NodeTypeImplementation><ArtifactTemplate id="PostgreSQLDatabasePT" type="PuppetTemplate" xmlns="">
	<ArtifactReferences>
		<ArtifactReference reference="Templates/PostgreSQLDatabasePT.ftl"/>
	</ArtifactReferences>
</ArtifactTemplate><NodeType color="#332299" name="MySQL" shape="ellipse" xmlns="">
	<DerivedFrom typeRef="root"/>
	<PropertiesDefinition element="MySQLProperties" type="tMySQLProperties"/>
	<Interfaces>
		<Interface name="Install">
			<Operation name="compilePuppetTemplateHierarchy"/>
		</Interface>
	</Interfaces>
	<CapabilityDefinitions>
		<CapabilityDefinition capabilityType="portsExpose"/>
	</CapabilityDefinitions>
</NodeType><NodeTypeImplementation name="MySQLImpl" nodeType="MySQL" xmlns="">
	<DeploymentArtifacts>
		<DeploymentArtifact artifactRef="MySQLPT" artifactType="PuppetTemplate" name="MySQLPT.ftl">
		</DeploymentArtifact>
	</DeploymentArtifacts>
</NodeTypeImplementation><ArtifactTemplate id="MySQLPT" type="PuppetTemplate" xmlns="">
	<ArtifactReferences>
		<ArtifactReference reference="Templates/MySQLPT.ftl"/>
	</ArtifactReferences>
</ArtifactTemplate><ArtifactTemplate id="MySQLPM" type="PuppetModule" xmlns="">
	<Properties xmlns:co="http://docs.oasis-open.org/tosca/ns/2011/12/CloudOptingTypes">
		<co:PuppetModuleProperties>
			<co:module>mysql</co:module>
			<co:git>https://github.com/puppetlabs/puppetlabs-mysql</co:git>
		</co:PuppetModuleProperties>
	</Properties>
</ArtifactTemplate><NodeType color="#332299" name="MySQLDatabase" shape="ellipse" xmlns="">
	<DerivedFrom typeRef="root"/>
	<PropertiesDefinition element="MySQLDatabaseProperties" type="tMySQLDatabaseProperties"/>
	<Interfaces>
		<Interface name="Install">
			<Operation name="compilePuppetTemplateHierarchy"/>
		</Interface>
	</Interfaces>
</NodeType><NodeTypeImplementation name="MySQLDatabaseImpl" nodeType="MySQLDatabase" xmlns="">
	<DeploymentArtifacts>
		<DeploymentArtifact artifactRef="MySQLDatabasePT" artifactType="PuppetTemplate" name="MySQLDatabasePT.ftl">
		</DeploymentArtifact>
	</DeploymentArtifacts>
</NodeTypeImplementation><ArtifactTemplate id="MySQLDatabasePT" type="PuppetTemplate" xmlns="">
	<ArtifactReferences>
		<ArtifactReference reference="Templates/MySQLDatabasePT.ftl"/>
	</ArtifactReferences>
</ArtifactTemplate><NodeType color="#332299" name="Tomcat" shape="ellipse" xmlns="">
	<DerivedFrom typeRef="root"/>
	<PropertiesDefinition element="TomcatProperties" type="tTomcatProperties"/>
	<Interfaces>
		<Interface name="Install">
			<Operation name="compilePuppetTemplateHierarchy"/>
		</Interface>
	</Interfaces>
	<CapabilityDefinitions>
		<CapabilityDefinition capabilityType="portsExpose"/>
	</CapabilityDefinitions>
</NodeType><NodeTypeImplementation name="TomcatImpl" nodeType="Tomcat" xmlns="">
	<DeploymentArtifacts>
		<DeploymentArtifact artifactRef="TomcatPT" artifactType="PuppetTemplate" name="TomcatPT.ftl">
		</DeploymentArtifact>
	</DeploymentArtifacts>
</NodeTypeImplementation><ArtifactTemplate id="TomcatPT" type="PuppetTemplate" xmlns="">
	<ArtifactReferences>
		<ArtifactReference reference="Templates/TomcatPT.ftl"/>
	</ArtifactReferences>
</ArtifactTemplate><ArtifactTemplate id="TomcatPM" type="PuppetModule" xmlns="">
	<Properties xmlns:co="http://docs.oasis-open.org/tosca/ns/2011/12/CloudOptingTypes">
		<co:PuppetModuleProperties>
			<co:module>tomcat</co:module>
			<co:git>https://github.com/puppetlabs/puppetlabs-tomcat</co:git>
		</co:PuppetModuleProperties>
	</Properties>
</ArtifactTemplate><NodeType color="#332299" name="War" shape="ellipse" xmlns="">
	<DerivedFrom typeRef="root"/>
	<PropertiesDefinition element="WarProperties" type="tWarProperties"/>
	<Interfaces>
		<Interface name="Install">
			<Operation name="compilePuppetTemplateHierarchy"/>
		</Interface>
	</Interfaces>
</NodeType><NodeTypeImplementation name="WarImpl" nodeType="War" xmlns="">
	<DeploymentArtifacts>
		<DeploymentArtifact artifactRef="WarPT" artifactType="PuppetTemplate" name="WarPT.ftl">
		</DeploymentArtifact>
	</DeploymentArtifacts>
</NodeTypeImplementation><ArtifactTemplate id="WarPT" type="PuppetTemplate" xmlns="">
	<ArtifactReferences>
		<ArtifactReference reference="Templates/WarPT.ftl"/>
	</ArtifactReferences>
</ArtifactTemplate></Definitions>