<?xml version="1.0" encoding="UTF-16"?><Definitions xmlns="http://docs.oasis-open.org/tosca/ns/2011/12" id="service" name="" targetNamespace="http://www.cloudopting.eu" xmlns:co="http://docs.oasis-open.org/tosca/ns/2011/12/CloudOptingTypes" xmlns:xml="http://www.w3.org/XML/1998/namespace" xmlns:xsi="http://www.w3.org/2001/XMLSchema-instance" xsi:schemaLocation="http://docs.oasis-open.org/tosca/ns/2011/12 ../Types/TOSCA-v1.0.xsd http://docs.oasis-open.org/tosca/ns/2011/12/CloudOptingTypes   ../Types/CloudOptingTypes.xsd">
	<ServiceTemplate id="service" name="service">

		<TopologyTemplate>
		<NodeTemplate id="vh" type="VMHost"><Properties><co:VMhostProperties><co:disk>15</co:disk><co:cpu>1</co:cpu><co:ram>2048</co:ram></co:VMhostProperties></Properties></NodeTemplate><NodeTemplate id="dock1" type="DockerContainer"><Properties><co:DockerContainerProperties><co:image>cloudopting/centos:6.6</co:image><co:DockerContainerPortsCaps>[{"container":80,"host":80}]</co:DockerContainerPortsCaps></co:DockerContainerProperties></Properties><DeploymentArtifacts><DeploymentArtifact artifactRef="DockerContainerDT" artifactType="DockerfileTemplate"/><DeploymentArtifact artifactRef="DockerContainerPT" artifactType="PuppetTemplate"/></DeploymentArtifacts></NodeTemplate><NodeTemplate id="webserv" type="Apache"><Properties><co:ApacheProperties><co:default_mods>true</co:default_mods><co:servername>fqdn</co:servername><co:default_vhost>false</co:default_vhost></co:ApacheProperties></Properties><DeploymentArtifacts><DeploymentArtifact artifactRef="ApachePT" artifactType="PuppetTemplate"/></DeploymentArtifacts></NodeTemplate><NodeTemplate id="website" type="ApacheVirtualHost"><Properties><co:ApacheVirtualHostProperties><co:port>80</co:port><co:servername>www.mysite.it</co:servername><co:vhost_name>+</co:vhost_name><co:default_vhost>false</co:default_vhost><co:ssl>false</co:ssl></co:ApacheVirtualHostProperties></Properties></NodeTemplate><RelationshipTemplate id="e0" type="hostedOn"><SourceElement ref="vh"/><TargetElement ref="dock1"/></RelationshipTemplate><RelationshipTemplate id="e1" type="hostedOn"><SourceElement ref="dock1"/><TargetElement ref="webserv"/></RelationshipTemplate><RelationshipTemplate id="e2" type="hostedOn"><SourceElement ref="webserv"/><TargetElement ref="website"/></RelationshipTemplate></TopologyTemplate>
		<ArtifactType name="PuppetTemplate">
		</ArtifactType>
		<ArtifactType name="DockerfileTemplate">
		</ArtifactType>
		<ArtifactType name="PuppetModule">
			<PropertiesDefinition element="PuppetModuleProperties"/>
		</ArtifactType>
	</ServiceTemplate>
<NodeType color="#992222" name="VMHost" shape="rectangle" xmlns="">
	<DerivedFrom typeRef="xs:QName"/>
	<PropertiesDefinition element="VMhostProperties" type="tVMhostProperties"/>
	<RequirementDefinitions>
		<RequirementDefinition lowerBound="xs:integer" name="xs:string" requirementType="xs:QName" upperBound="xs:integer | xs:string">
			<Constraints>
				<Constraint constraintType="xs:anyURI">
					constraint type specific
					content
				</Constraint>
			</Constraints>
		</RequirementDefinition>
	</RequirementDefinitions>
	<Interfaces>
		<Interface name="ProjectInterface">
			<Operation name="CreateProject">
				<InputParameters>
					<InputParameter name="ProjectName" type="xs:string"/>
					<InputParameter name="Owner" type="xs:string"/>
					<InputParameter name="AccountID" type="xs:string"/>
				</InputParameters>
			</Operation>
		</Interface>
	</Interfaces>
</NodeType><NodeType color="#118844" name="DockerContainer" shape="pentagon" xmlns="">
	<DerivedFrom typeRef="root"/>
	<PropertiesDefinition element="DockerContainerProperties" type="tDockerContainerProperties"/>
	<CapabilityDefinitions>
		<CapabilityDefinition capabilityType="DockerContainerPortsCaps"/>
	</CapabilityDefinitions>
</NodeType><NodeTypeImplementation name="DockerContainerImpl" nodeType="DockerContainer" xmlns="">
	<DeploymentArtifacts>
		<DeploymentArtifact artifactRef="DockerContainerDT" artifactType="DockerfileTemplate" name="ClearoApacheDC.dockerfile">
		</DeploymentArtifact>
		<DeploymentArtifact artifactRef="DockerContainerPT" artifactType="PuppetTemplate" name="sd">
		</DeploymentArtifact>
	</DeploymentArtifacts>
</NodeTypeImplementation><ArtifactTemplate id="DockerContainerDT" name="" type="DockerfileTemplate" xmlns="">
	<ArtifactReferences>
		<ArtifactReference reference="Templates/DockerContainerDT.ftl"/>
	</ArtifactReferences>
</ArtifactTemplate><ArtifactTemplate id="DockerContainerPT" name="" type="PuppetTemplate" xmlns="">
	<ArtifactReferences>
		<ArtifactReference reference="Templates/DockerContainerPT.ftl"/>
	</ArtifactReferences>
</ArtifactTemplate><NodeType color="#332255" name="Apache" shape="ellipse" xmlns="">
	<DerivedFrom typeRef="root"/>
	<PropertiesDefinition element="ApacheProperties" type="tApacheProperties"/>
</NodeType><NodeTypeImplementation name="ApacheImpl" nodeType="Apache" xmlns="">
	<DeploymentArtifacts>
		<DeploymentArtifact artifactRef="ApachePT" artifactType="PuppetTemplate" name="ApachePT.ftl">
		</DeploymentArtifact>
	</DeploymentArtifacts>
</NodeTypeImplementation><ArtifactTemplate id="ApachePT" type="PuppetTemplate" xmlns="">
</ArtifactTemplate><ArtifactTemplate id="ApachePM" type="PuppetModule" xmlns="">
	<Properties xmlns:co="http://docs.oasis-open.org/tosca/ns/2011/12/CloudOptingTypes">
		<co:PuppetModuleProperties>
			<co:module>apache</co:module>
			<co:git>https://github.com/puppetlabs/puppetlabs-apache</co:git>
		</co:PuppetModuleProperties>
	</Properties>
</ArtifactTemplate><NodeType color="#332299" name="ApacheVirtualHost" shape="ellipse" xmlns="">
	<DerivedFrom typeRef="root"/>
	<PropertiesDefinition element="ApacheVirtualHostProperties" type="tApacheVirtualHostProperties"/>
</NodeType><NodeTypeImplementation name="ApacheVirtualHostPropertiesImpl" nodeType="ApacheVirtualHostProperties" xmlns="">
	<DeploymentArtifacts>
		<DeploymentArtifact artifactRef="ApacheVirtualHostPT" artifactType="PuppetTemplate" name="ApacheVirtualhostPT.ftl">
		</DeploymentArtifact>
	</DeploymentArtifacts>
</NodeTypeImplementation><ArtifactTemplate id="ApacheVirtualHostPT" type="PuppetTemplate" xmlns="">
</ArtifactTemplate></Definitions>