<?xml version="1.0" encoding="UTF-16"?><Definitions xmlns="http://docs.oasis-open.org/tosca/ns/2011/12" id="IMIckan" name="" targetNamespace="http://www.cloudopting.eu" xmlns:co="http://docs.oasis-open.org/tosca/ns/2011/12/CloudOptingTypes" xmlns:xml="http://www.w3.org/XML/1998/namespace" xmlns:xsi="http://www.w3.org/2001/XMLSchema-instance" xsi:schemaLocation="http://docs.oasis-open.org/tosca/ns/2011/12 ../Types/TOSCA-v1.0.xsd http://docs.oasis-open.org/tosca/ns/2011/12/CloudOptingTypes   ../Types/CloudOptingTypes.xsd">
	<ServiceTemplate id="IMIckan" name="IMIckan">

		<TopologyTemplate>
		<NodeTemplate id="ckanVM" type="VMHost"><Properties><co:VMhostProperties><co:cpu>2</co:cpu><co:ram>2048</co:ram><co:disk>20</co:disk></co:VMhostProperties></Properties><Capabilities/></NodeTemplate></TopologyTemplate>
		<ArtifactType name="PuppetTemplate">
		</ArtifactType>
		<ArtifactType name="DockerfileTemplate">
		</ArtifactType>
		<ArtifactType name="PuppetModule">
			<PropertiesDefinition element="PuppetModuleProperties"/>
		</ArtifactType>
	</ServiceTemplate>
<NodeType color="#992222" name="VMHost" shape="rectangle" xmlns="">
	<DerivedFrom typeRef="xs:QName"/>
	<PropertiesDefinition element="VMhostProperties" type="tVMhostProperties"/>
	<RequirementDefinitions>
		<RequirementDefinition lowerBound="xs:integer" name="xs:string" requirementType="xs:QName" upperBound="xs:integer | xs:string">
			<Constraints>
				<Constraint constraintType="xs:anyURI">
					constraint type specific
					content
				</Constraint>
			</Constraints>
		</RequirementDefinition>
	</RequirementDefinitions>
	<Interfaces>
		<Interface name="ProjectInterface">
			<Operation name="CreateProject">
				<InputParameters>
					<InputParameter name="ProjectName" type="xs:string"/>
					<InputParameter name="Owner" type="xs:string"/>
					<InputParameter name="AccountID" type="xs:string"/>
				</InputParameters>
			</Operation>
		</Interface>
	</Interfaces>
</NodeType><NodeType color="#118844" name="DockerContainer" shape="pentagon" xmlns="">
	<DerivedFrom typeRef="root"/>
	<PropertiesDefinition element="DockerContainerProperties" type="tDockerContainerProperties"/>
	<Interfaces>
		<Interface name="Install">
			<Operation name="writePuppetDockerTemplateHierarchy"/>
		</Interface>
	</Interfaces>
	<CapabilityDefinitions>
		<CapabilityDefinition capabilityType="DockerContainerPortsCaps"/>
	</CapabilityDefinitions>
</NodeType><NodeTypeImplementation name="DockerContainerImpl" nodeType="DockerContainer" xmlns="">
	<DeploymentArtifacts>
		<DeploymentArtifact artifactRef="DockerContainerDT" artifactType="DockerfileTemplate" name="ClearoApacheDC.dockerfile">
		</DeploymentArtifact>
		<DeploymentArtifact artifactRef="DockerContainerPT" artifactType="PuppetTemplate" name="sd">
		</DeploymentArtifact>
	</DeploymentArtifacts>
</NodeTypeImplementation><ArtifactTemplate id="DockerContainerDT" name="" type="DockerfileTemplate" xmlns="">
	<ArtifactReferences>
		<ArtifactReference reference="Templates/DockerContainerDT.ftl"/>
	</ArtifactReferences>
</ArtifactTemplate><ArtifactTemplate id="DockerContainerPT" name="" type="PuppetTemplate" xmlns="">
	<ArtifactReferences>
		<ArtifactReference reference="Templates/DockerContainerPT.ftl"/>
	</ArtifactReferences>
</ArtifactTemplate><NodeType color="#332255" name="Apache" shape="ellipse" xmlns="">
	<DerivedFrom typeRef="root"/>
	<PropertiesDefinition element="ApacheProperties" type="tApacheProperties"/>
	<Interfaces>
		<Interface name="Install">
			<Operation name="compilePuppetTemplateHierarchy"/>
		</Interface>
	</Interfaces>
	<CapabilityDefinitions>
		<CapabilityDefinition capabilityType="portsExposeCaps"/>
	</CapabilityDefinitions>
</NodeType><NodeTypeImplementation name="ApacheImpl" nodeType="Apache" xmlns="">
	<DeploymentArtifacts>
		<DeploymentArtifact artifactRef="ApachePT" artifactType="PuppetTemplate" name="ApachePT.ftl">
		</DeploymentArtifact>
	</DeploymentArtifacts>
</NodeTypeImplementation><ArtifactTemplate id="ApachePT" type="PuppetTemplate" xmlns="">
	<ArtifactReferences>
		<ArtifactReference reference="Templates/ApachePT.ftl"/>
	</ArtifactReferences>
</ArtifactTemplate><ArtifactTemplate id="ApachePM" type="PuppetModule" xmlns="">
	<Properties xmlns:co="http://docs.oasis-open.org/tosca/ns/2011/12/CloudOptingTypes">
		<co:PuppetModuleProperties>
			<co:module>apache</co:module>
			<co:git>https://github.com/puppetlabs/puppetlabs-apache</co:git>
		</co:PuppetModuleProperties>
	</Properties>
</ArtifactTemplate><NodeType color="#332299" name="ApacheVirtualHost" shape="ellipse" xmlns="">
	<DerivedFrom typeRef="root"/>
	<PropertiesDefinition element="ApacheVirtualHostProperties" type="tApacheVirtualHostProperties"/>
	<Interfaces>
		<Interface name="Install">
			<Operation name="compilePuppetTemplateHierarchy"/>
		</Interface>
	</Interfaces>
</NodeType><NodeTypeImplementation name="ApacheVirtualHostImpl" nodeType="ApacheVirtualHost" xmlns="">
	<DeploymentArtifacts>
		<DeploymentArtifact artifactRef="ApacheVirtualHostPT" artifactType="PuppetTemplate" name="ApacheVirtualHostPT.ftl">
		</DeploymentArtifact>
	</DeploymentArtifacts>
</NodeTypeImplementation><ArtifactTemplate id="ApacheVirtualHostPT" type="PuppetTemplate" xmlns="">
	<ArtifactReferences>
		<ArtifactReference reference="Templates/ApacheVirtualHostPT.ftl"/>
	</ArtifactReferences>
</ArtifactTemplate><NodeType color="#332299" name="ApacheModule" shape="ellipse" xmlns="">
	<DerivedFrom typeRef="root"/>
	<PropertiesDefinition element="ApacheModuleProperties" type="tApacheModuleProperties"/>
	<Interfaces>
		<Interface name="Install">
			<Operation name="compilePuppetTemplateHierarchy"/>
		</Interface>
	</Interfaces>
</NodeType><NodeTypeImplementation name="ApacheModuleImpl" nodeType="ApacheModule" xmlns="">
	<DeploymentArtifacts>
		<DeploymentArtifact artifactRef="ApacheModulePT" artifactType="PuppetTemplate" name="ApacheModulePT.ftl">
		</DeploymentArtifact>
	</DeploymentArtifacts>
</NodeTypeImplementation><ArtifactTemplate id="ApacheModulePT" type="PuppetTemplate" xmlns="">
	<ArtifactReferences>
		<ArtifactReference reference="Templates/ApacheModulePT.ftl"/>
	</ArtifactReferences>
</ArtifactTemplate><NodeType color="#332299" name="Wordpress" shape="pentagon" xmlns="">
	<DerivedFrom typeRef="root"/>
	<PropertiesDefinition element="WordpressProperties" type="tWordpressProperties"/>
	<Interfaces>
		<Interface name="Install">
			<Operation name="compilePuppetTemplateHierarchy"/>
		</Interface>
	</Interfaces>
</NodeType><NodeTypeImplementation name="WordpressImpl" nodeType="Wordpress" xmlns="">
	<DeploymentArtifacts>
		<DeploymentArtifact artifactRef="WordpressPT" artifactType="PuppetTemplate" name="WordpressPT.ftl">
		</DeploymentArtifact>
	</DeploymentArtifacts>
</NodeTypeImplementation><ArtifactTemplate id="WordpressPT" type="PuppetTemplate" xmlns="">
	<ArtifactReferences>
		<ArtifactReference reference="Templates/WordpressPT.ftl"/>
	</ArtifactReferences>
</ArtifactTemplate><NodeType color="#332299" name="PostgreSQL" shape="ellipse" xmlns="">
	<DerivedFrom typeRef="root"/>
	<PropertiesDefinition element="PostgreSQLProperties" type="tPostgreSQLProperties"/>
	<Interfaces>
		<Interface name="Install">
			<Operation name="compilePuppetTemplateHierarchy"/>
		</Interface>
	</Interfaces>
	<CapabilityDefinitions>
		<CapabilityDefinition capabilityType="portsExposeCaps"/>
	</CapabilityDefinitions>
</NodeType><NodeTypeImplementation name="PostgreSQLImpl" nodeType="PostgreSQL" xmlns="">
	<DeploymentArtifacts>
		<DeploymentArtifact artifactRef="PostgreSQLPT" artifactType="PuppetTemplate" name="PostgreSQLPT.ftl">
		</DeploymentArtifact>
	</DeploymentArtifacts>
</NodeTypeImplementation><ArtifactTemplate id="PostgreSQLPT" type="PuppetTemplate" xmlns="">
	<ArtifactReferences>
		<ArtifactReference reference="Templates/PostgreSQLPT.ftl"/>
	</ArtifactReferences>
</ArtifactTemplate><ArtifactTemplate id="PostgreSQLPM" type="PuppetModule" xmlns="">
	<Properties xmlns:co="http://docs.oasis-open.org/tosca/ns/2011/12/CloudOptingTypes">
		<co:PuppetModuleProperties>
			<co:module>postgresql</co:module>
			<co:git>https://github.com/puppetlabs/puppetlabs-postgresql</co:git>
		</co:PuppetModuleProperties>
	</Properties>
</ArtifactTemplate><NodeType color="#332299" name="PostgreSQLDatabase" shape="ellipse" xmlns="">
	<DerivedFrom typeRef="root"/>
	<PropertiesDefinition element="PostgreSQLDatabaseProperties" type="tPostgreSQLDatabaseProperties"/>
	<Interfaces>
		<Interface name="Install">
			<Operation name="compilePuppetTemplateHierarchy"/>
		</Interface>
	</Interfaces>
</NodeType><NodeTypeImplementation name="PostgreSQLDatabaseImpl" nodeType="PostgreSQLDatabase" xmlns="">
	<DeploymentArtifacts>
		<DeploymentArtifact artifactRef="PostgreSQLDatabasePT" artifactType="PuppetTemplate" name="PostgreSQLDatabasePT.ftl">
		</DeploymentArtifact>
	</DeploymentArtifacts>
</NodeTypeImplementation><ArtifactTemplate id="PostgreSQLDatabasePT" type="PuppetTemplate" xmlns="">
	<ArtifactReferences>
		<ArtifactReference reference="Templates/PostgreSQLDatabasePT.ftl"/>
	</ArtifactReferences>
</ArtifactTemplate><NodeType color="#332299" name="MySQL" shape="ellipse" xmlns="">
	<DerivedFrom typeRef="root"/>
	<PropertiesDefinition element="MySQLProperties" type="tMySQLProperties"/>
	<Interfaces>
		<Interface name="Install">
			<Operation name="compilePuppetTemplateHierarchy"/>
		</Interface>
	</Interfaces>
	<CapabilityDefinitions>
		<CapabilityDefinition capabilityType="portsExposeCaps"/>
	</CapabilityDefinitions>
</NodeType><NodeTypeImplementation name="MySQLImpl" nodeType="MySQL" xmlns="">
	<DeploymentArtifacts>
		<DeploymentArtifact artifactRef="MySQLPT" artifactType="PuppetTemplate" name="MySQLPT.ftl">
		</DeploymentArtifact>
	</DeploymentArtifacts>
</NodeTypeImplementation><ArtifactTemplate id="MySQLPT" type="PuppetTemplate" xmlns="">
	<ArtifactReferences>
		<ArtifactReference reference="Templates/MySQLPT.ftl"/>
	</ArtifactReferences>
</ArtifactTemplate><ArtifactTemplate id="MySQLPM" type="PuppetModule" xmlns="">
	<Properties xmlns:co="http://docs.oasis-open.org/tosca/ns/2011/12/CloudOptingTypes">
		<co:PuppetModuleProperties>
			<co:module>mysql</co:module>
			<co:git>https://github.com/puppetlabs/puppetlabs-mysql</co:git>
		</co:PuppetModuleProperties>
	</Properties>
</ArtifactTemplate><NodeType color="#332299" name="MySQLDatabase" shape="ellipse" xmlns="">
	<DerivedFrom typeRef="root"/>
	<PropertiesDefinition element="MySQLDatabaseProperties" type="tMySQLDatabaseProperties"/>
	<Interfaces>
		<Interface name="Install">
			<Operation name="compilePuppetTemplateHierarchy"/>
		</Interface>
	</Interfaces>
</NodeType><NodeTypeImplementation name="MySQLDatabaseImpl" nodeType="MySQLDatabase" xmlns="">
	<DeploymentArtifacts>
		<DeploymentArtifact artifactRef="MySQLDatabasePT" artifactType="PuppetTemplate" name="MySQLDatabasePT.ftl">
		</DeploymentArtifact>
	</DeploymentArtifacts>
</NodeTypeImplementation><ArtifactTemplate id="MySQLDatabasePT" type="PuppetTemplate" xmlns="">
	<ArtifactReferences>
		<ArtifactReference reference="Templates/MySQLDatabasePT.ftl"/>
	</ArtifactReferences>
</ArtifactTemplate><NodeType color="#332299" name="Tomcat" shape="ellipse" xmlns="">
	<DerivedFrom typeRef="root"/>
	<PropertiesDefinition element="TomcatProperties" type="tTomcatProperties"/>
	<Interfaces>
		<Interface name="Install">
			<Operation name="compilePuppetTemplateHierarchy"/>
		</Interface>
	</Interfaces>
	<CapabilityDefinitions>
		<CapabilityDefinition capabilityType="portsExposeCaps"/>
	</CapabilityDefinitions>
</NodeType><NodeTypeImplementation name="TomcatImpl" nodeType="Tomcat" xmlns="">
	<DeploymentArtifacts>
		<DeploymentArtifact artifactRef="TomcatPT" artifactType="PuppetTemplate" name="TomcatPT.ftl">
		</DeploymentArtifact>
	</DeploymentArtifacts>
</NodeTypeImplementation><ArtifactTemplate id="TomcatPT" type="PuppetTemplate" xmlns="">
	<ArtifactReferences>
		<ArtifactReference reference="Templates/TomcatPT.ftl"/>
	</ArtifactReferences>
</ArtifactTemplate><ArtifactTemplate id="TomcatPM" type="PuppetModule" xmlns="">
	<Properties xmlns:co="http://docs.oasis-open.org/tosca/ns/2011/12/CloudOptingTypes">
		<co:PuppetModuleProperties>
			<co:module>tomcat</co:module>
			<co:git>https://github.com/puppetlabs/puppetlabs-tomcat</co:git>
		</co:PuppetModuleProperties>
	</Properties>
</ArtifactTemplate><NodeType color="#332299" name="War" shape="ellipse" xmlns="">
	<DerivedFrom typeRef="root"/>
	<PropertiesDefinition element="WarProperties" type="tWarProperties"/>
	<Interfaces>
		<Interface name="Install">
			<Operation name="compilePuppetTemplateHierarchy"/>
		</Interface>
	</Interfaces>
</NodeType><NodeTypeImplementation name="WarImpl" nodeType="War" xmlns="">
	<DeploymentArtifacts>
		<DeploymentArtifact artifactRef="WarPT" artifactType="PuppetTemplate" name="WarPT.ftl">
		</DeploymentArtifact>
	</DeploymentArtifacts>
</NodeTypeImplementation><ArtifactTemplate id="WarPT" type="PuppetTemplate" xmlns="">
	<ArtifactReferences>
		<ArtifactReference reference="Templates/WarPT.ftl"/>
	</ArtifactReferences>
</ArtifactTemplate><NodeType color="#332255" name="Liferay" shape="ellipse" xmlns="">
	<DerivedFrom typeRef="root"/>
	<PropertiesDefinition element="LiferayProperties" type="tLiferayProperties"/>
	<Interfaces>
		<Interface name="Install">
			<Operation name="compilePuppetTemplateHierarchy"/>
		</Interface>
	</Interfaces>
</NodeType><NodeTypeImplementation name="LiferayImpl" nodeType="Liferay" xmlns="">
	<DeploymentArtifacts>
		<DeploymentArtifact artifactRef="LiferayPT" artifactType="PuppetTemplate" name="LiferayPT.ftl">
		</DeploymentArtifact>
	</DeploymentArtifacts>
</NodeTypeImplementation><ArtifactTemplate id="LiferayPT" type="PuppetTemplate" xmlns="">
	<ArtifactReferences>
		<ArtifactReference reference="Templates/LiferayPT.ftl"/>
	</ArtifactReferences>
</ArtifactTemplate><ArtifactTemplate id="LiferayPM" type="PuppetModule" xmlns="">
	<Properties xmlns:co="http://docs.oasis-open.org/tosca/ns/2011/12/CloudOptingTypes">
		<co:PuppetModuleProperties>
			<co:module>liferay</co:module>
			<co:git>https://github.com/gioppoluca/puppet-liferay.git</co:git>
		</co:PuppetModuleProperties>
	</Properties>
</ArtifactTemplate></Definitions>