<?xml version="1.0" encoding="UTF-16"?><Definitions xmlns="http://docs.oasis-open.org/tosca/ns/2011/12" id="service" name="" targetNamespace="http://www.cloudopting.eu" xmlns:co="http://docs.oasis-open.org/tosca/ns/2011/12/CloudOptingTypes" xmlns:xml="http://www.w3.org/XML/1998/namespace" xmlns:xsi="http://www.w3.org/2001/XMLSchema-instance" xsi:schemaLocation="http://docs.oasis-open.org/tosca/ns/2011/12 ../Types/TOSCA-v1.0.xsd http://docs.oasis-open.org/tosca/ns/2011/12/CloudOptingTypes   ../Types/CloudOptingTypes.xsd">
	<ServiceTemplate id="service" name="service">
		
		<TopologyTemplate>
		<NodeTemplate id="sdf" type="VMHost"><Properties><co:VMhostProperties><co:disk>15</co:disk><co:cpu>1</co:cpu><co:ram>512</co:ram></co:VMhostProperties></Properties></NodeTemplate></TopologyTemplate>
	</ServiceTemplate>
<NodeType color="#992222" name="VMHost" shape="rectangle" xmlns="">
	<DerivedFrom typeRef="xs:QName"/>
	<PropertiesDefinition element="VMhostProperties" type="tVMhostProperties"/>
	<RequirementDefinitions>
		<RequirementDefinition lowerBound="xs:integer" name="xs:string" requirementType="xs:QName" upperBound="xs:integer | xs:string">
			<Constraints>
				<Constraint constraintType="xs:anyURI">
					constraint type specific
					content
				</Constraint>
			</Constraints>
		</RequirementDefinition>
	</RequirementDefinitions>
	<Interfaces>
		<Interface name="ProjectInterface">
			<Operation name="CreateProject">
				<InputParameters>
					<InputParameter name="ProjectName" type="xs:string"/>
					<InputParameter name="Owner" type="xs:string"/>
					<InputParameter name="AccountID" type="xs:string"/>
				</InputParameters>
			</Operation>
		</Interface>
	</Interfaces>
</NodeType><NodeType color="#118844" name="DockerContainer" shape="pentagon" xmlns="">
	<DerivedFrom typeRef="root"/>
	<PropertiesDefinition element="DockerContainerProperties" type="tDockerContainerProperties"/>
	<RequirementDefinitions>
		<RequirementDefinition lowerBound="xs:integer" name="xs:string" requirementType="xs:QName" upperBound="xs:integer | xs:string">
			<Constraints>
				<Constraint constraintType="xs:anyURI">
					constraint type specific
					content
				</Constraint>
			</Constraints>
		</RequirementDefinition>
	</RequirementDefinitions>
	<CapabilityDefinitions>
		<CapabilityDefinition capabilityType="DockerContainerPortsCaps"/>
	</CapabilityDefinitions>
	<Interfaces>
		<Interface name="ProjectInterface">
			<Operation name="CreateProject">
				<InputParameters>
					<InputParameter name="ProjectName" type="xs:string"/>
					<InputParameter name="Owner" type="xs:string"/>
					<InputParameter name="AccountID" type="xs:string"/>
				</InputParameters>
			</Operation>
		</Interface>
	</Interfaces>
</NodeType><NodeType color="#332255" name="Apache" shape="ellipse" xmlns="">
	<DerivedFrom typeRef="xs:QName"/>
	<PropertiesDefinition element="ApacheProperties" type="tApacheProperties"/>
</NodeType></Definitions>